{"_info": {"_commandline": {"name": "2017-09-06-1504689691", "labels": 10, "aug": true, "resume": null}}}
{"val_loss": 137.86069107055664, "val_walk_loss": 136.7231544494629, "val_visit_loss": 0.059650893881917, "val_predict_loss": 1.1077108263969422, "val_predict_acc": 0.676999980211258, "loss": 0.2984359768376327, "walk_loss": 0.2431440494444613, "visit_loss": 0.0751576992078297, "predict_loss": 0.017713078217894206, "predict_acc": 0.9978797778686219, "time": 1504689725, "epoch": 0}
{"val_loss": 154.67076263427734, "val_walk_loss": 153.66631774902345, "val_visit_loss": 0.06059552803635597, "val_predict_loss": 0.974146556854248, "val_predict_acc": 0.7319999814033509, "loss": 0.2676031287504556, "walk_loss": 0.23338717694871614, "visit_loss": 0.06657715041022468, "predict_loss": 0.0009273768495729438, "predict_acc": 0.9999999772129154, "time": 1504689742, "epoch": 1}
{"val_loss": 130.90259857177733, "val_walk_loss": 130.016609954834, "val_visit_loss": 0.05946708843111992, "val_predict_loss": 0.8562551259994506, "val_predict_acc": 0.7449999749660492, "loss": 0.26572741346685635, "walk_loss": 0.232831370875314, "visit_loss": 0.06463593405629438, "predict_loss": 0.0005780764585687391, "predict_acc": 0.9999999785065053, "time": 1504689758, "epoch": 2}
{"val_loss": 75.59982413649558, "val_walk_loss": 74.94088987708092, "val_visit_loss": 0.05888939574360848, "val_predict_loss": 0.6294898837804794, "val_predict_acc": 0.8259999752044678, "loss": 0.26432791088578694, "walk_loss": 0.23232205567853478, "visit_loss": 0.06315528213952937, "predict_loss": 0.00042821337520036046, "predict_acc": 0.9999999767153809, "time": 1504689776, "epoch": 3}
{"val_loss": 77.15004531145095, "val_walk_loss": 76.48761913180351, "val_visit_loss": 0.059253493696451186, "val_predict_loss": 0.6328005254268646, "val_predict_acc": 0.8489999949932099, "loss": 0.2637290035145908, "walk_loss": 0.23214250064154898, "visit_loss": 0.06250418778602189, "predict_loss": 0.0003344091449606501, "predict_acc": 0.9999999761183394, "time": 1504689793, "epoch": 4}
{"val_loss": 77.06974074244499, "val_walk_loss": 76.53910863101483, "val_visit_loss": 0.05873749665915966, "val_predict_loss": 0.5012641072273254, "val_predict_acc": 0.8629999816417694, "loss": 0.26316440453712453, "walk_loss": 0.23193324072432636, "visit_loss": 0.061905422554241, "predict_loss": 0.00027845228695892147, "predict_acc": 0.9999999762178462, "time": 1504689810, "epoch": 5}
{"val_loss": 135.29746322631837, "val_walk_loss": 134.5004455566406, "val_visit_loss": 0.05896998010575771, "val_predict_loss": 0.7675318121910095, "val_predict_acc": 0.8149999856948853, "loss": 0.2627427134669086, "walk_loss": 0.2318612449804013, "visit_loss": 0.06132087011966164, "predict_loss": 0.00022103294194462199, "predict_acc": 0.9999999764168601, "time": 1504689828, "epoch": 6}
{"val_loss": 129.70075531005858, "val_walk_loss": 128.93419799804687, "val_visit_loss": 0.058742521703243254, "val_predict_loss": 0.7371837675571442, "val_predict_acc": 0.8289999723434448, "loss": 0.2623423844924156, "walk_loss": 0.23164530715381162, "visit_loss": 0.06103219015396298, "predict_loss": 0.00018098230088107873, "predict_acc": 0.9999999762178462, "time": 1504689845, "epoch": 7}
{"val_loss": 148.76752700805665, "val_walk_loss": 147.91261138916016, "val_visit_loss": 0.058825496956706046, "val_predict_loss": 0.825502997636795, "val_predict_acc": 0.8039999902248383, "loss": 0.26201957598552483, "walk_loss": 0.23151614127652673, "visit_loss": 0.06070367867540637, "predict_loss": 0.00015159502745427591, "predict_acc": 0.9999999770139016, "time": 1504689862, "epoch": 8}
{"val_loss": 86.25013905763626, "val_walk_loss": 85.67137590944768, "val_visit_loss": 0.059106582403182985, "val_predict_loss": 0.5492093086242675, "val_predict_acc": 0.8520000040531158, "loss": 0.26172351070954925, "walk_loss": 0.2314462398547362, "visit_loss": 0.06030840297946349, "predict_loss": 0.00012306950466063274, "predict_acc": 0.9999999792030538, "time": 1504689879, "epoch": 9}
{"val_loss": 81.61112276315689, "val_walk_loss": 80.9608857601881, "val_visit_loss": 0.05912130214273929, "val_predict_loss": 0.6206758797168732, "val_predict_acc": 0.8849999904632568, "loss": 0.2616451733398915, "walk_loss": 0.23144616296076417, "visit_loss": 0.06016995416385105, "predict_loss": 0.00011403385845875097, "predict_acc": 0.9999999769143947, "time": 1504689896, "epoch": 10}
{"val_loss": 58.67716766595841, "val_walk_loss": 58.09656636416912, "val_visit_loss": 0.05881026796996593, "val_predict_loss": 0.5511955887079238, "val_predict_acc": 0.8829999983310699, "loss": 0.2614505230783421, "walk_loss": 0.23137202980820842, "visit_loss": 0.059967285180728705, "predict_loss": 9.48503229923341e-05, "predict_acc": 0.9999999737301732, "time": 1504689914, "epoch": 11}
{"val_loss": 122.55225219726563, "val_walk_loss": 121.74300270080566, "val_visit_loss": 0.058679722249507904, "val_predict_loss": 0.7799121558666229, "val_predict_acc": 0.823999959230423, "loss": 0.26138015601392184, "walk_loss": 0.23137393981865134, "visit_loss": 0.05984338979316076, "predict_loss": 8.452133086709406e-05, "predict_acc": 0.9999999783074915, "time": 1504689931, "epoch": 12}
{"val_loss": 129.34295349121095, "val_walk_loss": 128.5505470275879, "val_visit_loss": 0.05896899364888668, "val_predict_loss": 0.7629215061664582, "val_predict_acc": 0.8419999957084656, "loss": 0.26110563906086903, "walk_loss": 0.23121046221415467, "visit_loss": 0.05966033509781643, "predict_loss": 6.500976641912352e-05, "predict_acc": 0.9999999758198186, "time": 1504689947, "epoch": 13}
{"val_loss": 115.74015045166016, "val_walk_loss": 114.81746292114258, "val_visit_loss": 0.058810898661613466, "val_predict_loss": 0.8932813823223114, "val_predict_acc": 0.8309999883174897, "loss": 0.2609313708016391, "walk_loss": 0.23115358587497462, "visit_loss": 0.05944878264067567, "predict_loss": 5.339357783620087e-05, "predict_acc": 0.9999999746257355, "time": 1504689965, "epoch": 14}
{"val_loss": 65.0894437968731, "val_walk_loss": 64.26364578306675, "val_visit_loss": 0.05921592749655247, "val_predict_loss": 0.7961900949478149, "val_predict_acc": 0.886000007390976, "loss": 0.2610186133937963, "walk_loss": 0.23126647214658672, "visit_loss": 0.059408951252201365, "predict_loss": 4.766567424527612e-05, "predict_acc": 0.9999999759193254, "time": 1504689982, "epoch": 15}
{"val_loss": 76.46042835712433, "val_walk_loss": 75.70523530244827, "val_visit_loss": 0.058678808808326724, "val_predict_loss": 0.7258525431156159, "val_predict_acc": 0.897000002861023, "loss": 0.2608003494934566, "walk_loss": 0.23114235072283196, "visit_loss": 0.05923871415510201, "predict_loss": 3.864162626601631e-05, "predict_acc": 0.9999999761183394, "time": 1504690000, "epoch": 16}
{"val_loss": 115.76092948913575, "val_walk_loss": 114.89193153381348, "val_visit_loss": 0.058886827528476716, "val_predict_loss": 0.839555025100708, "val_predict_acc": 0.8429999947547913, "loss": 0.26070323924787453, "walk_loss": 0.23107219700124706, "visit_loss": 0.05919814094876208, "predict_loss": 3.19716674769101e-05, "predict_acc": 0.9999999754217909, "time": 1504690017, "epoch": 17}
{"val_loss": 137.98346366882325, "val_walk_loss": 137.06013526916504, "val_visit_loss": 0.05900830738246441, "val_predict_loss": 0.893824303150177, "val_predict_acc": 0.8480000019073486, "loss": 0.2606669995243442, "walk_loss": 0.23109016008986058, "visit_loss": 0.05910201839642453, "predict_loss": 2.583041848914207e-05, "predict_acc": 0.9999999760188324, "time": 1504690034, "epoch": 18}
{"val_loss": 126.78686828613282, "val_walk_loss": 125.79442710876465, "val_visit_loss": 0.05929041914641857, "val_predict_loss": 0.962794029712677, "val_predict_acc": 0.8339999973773956, "loss": 0.26058815466939705, "walk_loss": 0.23105563621389646, "visit_loss": 0.059020986808510575, "predict_loss": 2.2025286526576062e-05, "predict_acc": 0.9999999762178462, "time": 1504690051, "epoch": 19}
{"val_loss": 67.30256456136703, "val_walk_loss": 66.4677420169115,