{"_info": {"_commandline": {"name": "2017-09-06-1504689716", "labels": 100, "aug": false, "resume": null}}}
{"val_loss": 146.24402236938477, "val_walk_loss": 145.57542419433594, "val_visit_loss": 0.06022458113729954, "val_predict_loss": 0.6384869366884232, "val_predict_acc": 0.8009999811649322, "loss": 68.49904089977029, "walk_loss": 68.10297809021301, "visit_loss": 0.061403364017730167, "predict_loss": 0.36536105438905186, "predict_acc": 0.9283639210119271, "time": 1504689745, "epoch": 0}
{"val_loss": 144.54996452331542, "val_walk_loss": 143.9860164642334, "val_visit_loss": 0.06061273217201233, "val_predict_loss": 0.5336413085460663, "val_predict_acc": 0.8299999892711639, "loss": 66.18952580166977, "walk_loss": 66.14932212765905, "visit_loss": 0.06458525309877125, "predict_loss": 0.007911137398876536, "predict_acc": 0.9999999744267217, "time": 1504689761, "epoch": 1}
{"val_loss": 140.1172840118408, "val_walk_loss": 139.51202850341798, "val_visit_loss": 0.060775432735681534, "val_predict_loss": 0.5748710960149765, "val_predict_acc": 0.8129999577999115, "loss": 66.13753038256714, "walk_loss": 66.1009845638116, "visit_loss": 0.06658362465380428, "predict_loss": 0.0032540728316295623, "predict_acc": 0.9999999725360902, "time": 1504689777, "epoch": 2}
{"val_loss": 95.65277998149395, "val_walk_loss": 95.32965326309204, "val_visit_loss": 0.06130377762019634, "val_predict_loss": 0.29247532710433005, "val_predict_acc": 0.9089999973773957, "loss": 66.11883541100809, "walk_loss": 66.08307910084923, "visit_loss": 0.06740324756438426, "predict_loss": 0.002054872000411165, "predict_acc": 0.9999999709439795, "time": 1504689794, "epoch": 3}
{"val_loss": 99.60557125210762, "val_walk_loss": 99.3047001451254, "val_visit_loss": 0.061000463739037517, "val_predict_loss": 0.27036999985575677, "val_predict_acc": 0.9180000185966491, "loss": 66.10941138928243, "walk_loss": 66.07402457617758, "visit_loss": 0.06770976607334833, "predict_loss": 0.0015319046816665786, "predict_acc": 0.999999972834611, "time": 1504689811, "epoch": 4}
{"val_loss": 127.74072645306588, "val_walk_loss": 127.26345127820969, "val_visit_loss": 0.06044018305838108, "val_predict_loss": 0.44705475121736526, "val_predict_acc": 0.8509999752044678, "loss": 66.10372463729425, "walk_loss": 66.0685928293779, "visit_loss": 0.06794058667100929, "predict_loss": 0.001161355527781746, "predict_acc": 0.9999999716405279, "time": 1504689828, "epoch": 5}
{"val_loss": 151.12652587890625, "val_walk_loss": 150.6635643005371, "val_visit_loss": 0.06044316701591015, "val_predict_loss": 0.43274206221103667, "val_predict_acc": 0.8710000097751618, "loss": 66.10396391242892, "walk_loss": 66.06912097708013, "visit_loss": 0.06768494020394969, "predict_loss": 0.0010004121908733002, "predict_acc": 0.9999999695508827, "time": 1504689844, "epoch": 6}
{"val_loss": 134.80710372924804, "val_walk_loss": 134.24628524780275, "val_visit_loss": 0.060679877176880836, "val_predict_loss": 0.5304787188768387, "val_predict_acc": 0.8289999842643738, "loss": 66.09961341259276, "walk_loss": 66.06490520802086, "visit_loss": 0.067817366332164, "predict_loss": 0.0007995277616383511, "predict_acc": 0.9999999680582788, "time": 1504689861, "epoch": 7}
{"val_loss": 95.57036841511726, "val_walk_loss": 95.22767777442932, "val_visit_loss": 0.06043972969055176, "val_predict_loss": 0.31247095987200735, "val_predict_acc": 0.9070000052452087, "loss": 66.09894113429202, "walk_loss": 66.06444874351132, "visit_loss": 0.0676265191753241, "predict_loss": 0.0006792059208838602, "predict_acc": 0.999999970346938, "time": 1504689878, "epoch": 8}
{"val_loss": 89.17821728885174, "val_walk_loss": 88.95128530263901, "val_visit_loss": 0.06072999723255634, "val_predict_loss": 0.19656614512205123, "val_predict_acc": 0.9399999916553498, "loss": 66.09799422326192, "walk_loss": 66.06369703799137, "visit_loss": 0.06742391494011044, "predict_loss": 0.0005855698593058787, "predict_acc": 0.9999999701479242, "time": 1504689895, "epoch": 9}
{"val_loss": 66.63189261555672, "val_walk_loss": 66.41990010738373, "val_visit_loss": 0.060641245916485786, "val_predict_loss": 0.18167033344507216, "val_predict_acc": 0.9509999930858613, "loss": 66.09839814811795, "walk_loss": 66.064297569415, "visit_loss": 0.06717379029236971, "predict_loss": 0.0005136199468200271, "predict_acc": 0.9999999685558134, "time": 1504689912, "epoch": 10}
{"val_loss": 158.15891494750977, "val_walk_loss": 157.58130950927733, "val_visit_loss": 0.06035883314907551, "val_predict_loss": 0.5474283903837204, "val_predict_acc": 0.829999965429306, "loss": 66.09734161071268, "walk_loss": 66.06335403365962, "visit_loss": 0.06711379551827808, "predict_loss": 0.0004309829907920927, "predict_acc": 0.9999999708444726, "time": 1504689929, "epoch": 11}
{"val_loss": 131.53360443115236, "val_walk_loss": 131.1092628479004, "val_visit_loss": 0.06042073965072632, "val_predict_loss": 0.3941325068473816, "val_predict_acc": 0.8710000097751618, "loss": 66.0948859391507, "walk_loss": 66.06099844854543, "visit_loss": 0.06705708362672086, "predict_loss": 0.00035878324932504276, "predict_acc": 0.9999999689538411, "time": 1504689946, "epoch": 12}
{"val_loss": 124.09930114746093, "val_walk_loss": 123.67791328430175, "val_visit_loss": 0.05984071232378483, "val_predict_loss": 0.39146930277347564, "val_predict_acc": 0.8850000083446503, "loss": 66.09487515100852, "walk_loss": 66.06115200443936, "visit_loss": 0.06683476347606847, "predict_loss": 0.00030545162822964147, "predict_acc": 0.9999999697498965, "time": 1504689963, "epoch": 13}
{"val_loss": 84.63320799469948, "val_walk_loss": 84.3868814587593, "val_visit_loss": 0.06079554185271263, "val_predict_loss": 0.21592941582202912, "val_predict_acc": 0.9349999845027923, "loss": 66.09503001880168, "walk_loss": 66.06146715320212, "visit_loss": 0.0665947064720032, "predict_loss": 0.00026540107372448546, "predict_acc": 0.9999999707449657, "time": 1504689980, "epoch": 14}
{"val_loss": 112.26272392272949, "val_walk_loss": 111.92195281982421, "val_visit_loss": 0.0604208666831255, "val_predict_loss": 0.3105611465871334, "val_predict_acc": 0.9059999942779541, "loss": 66.09401406111422, "walk_loss": 66.06051416667754, "visit_loss": 0.06656661808167355, "predict_loss": 0.00021667900528853608, "predict_acc": 0.9999999706454588, "time": 1504689997, "epoch": 15}
{"val_loss": 56.81343172192574, "val_walk_loss": 56.526977327466014, "val_visit_loss": 0.05978618413209915, "val_predict_loss": 0.25655958950519564, "val_predict_acc": 0.923000019788742, "loss": 66.09479652621312, "walk_loss": 66.06141958093404, "visit_loss": 0.0663837375358767, "predict_loss": 0.000184958615604219, "predict_acc": 0.9999999688543342, "time": 1504690013, "epoch": 16}
{"val_loss": 146.40203895568848, "val_walk_loss": 145.8679229736328, "val_visit_loss": 0.06023067571222782, "val_predict_loss": 0.5040015786886215, "val_predict_acc": 0.8559999942779541, "loss": 66.09273487021012, "walk_loss": 66.05939519305858, "visit_loss": 0.06638251034813453, "predict_loss": 0.0001487100434404812, "predict_acc": 0.9999999708444726, "time": 1504690030, "epoch": 17}
{"val_loss": 117.34986381530761, "val_walk_loss": 116.93981246948242, "val_visit_loss": 0.059985237568616866, "val_predict_loss": 0.38005888611078265, "val_predict_acc": 0.8740000009536744, "loss": 66.09268917026424, "walk_loss": 66.05946620119633, "visit_loss": 0.0661966037782584, "predict_loss": 0.00012512227596337279, "predict_acc": 0.9999999691528549, "time": 1504690047, "epoch": 18}
{"val_loss": 121.81076049804688, "val_walk_loss": 121.39928398132324, "val_visit_loss": 0.05962724946439266, "val_predict_loss": 0.38166332319378854, "val_predict_acc": 0.8969999969005584, "loss": 66.09399053608635, "walk_loss": 66.0609299113635, "visit_loss": 0.0659007714604197, "predict_loss": 0.00011042288619644383, "predict_acc": 0.999999971541021, "time": 1504690064, "epoch": 19}
{"val_loss": 85.77719682455063, "val_walk_loss": 85.50601907372474, "val_visit_loss": 0.06025669649243355,